Price,Close,High,Low,Open,Volume
Ticker,IRCTC.NS,IRCTC.NS,IRCTC.NS,IRCTC.NS,IRCTC.NS
Date,,,,,
2020-01-01,181.69618225097656,183.5240237222536,179.8587405715207,181.22480322186735,8593275
2020-01-02,179.01220703125,181.62889564289262,178.36765710783214,181.62889564289262,3287655
2020-01-03,179.20458984375,181.53267005703304,178.46383237795368,178.55042509520655,4342850
2020-01-06,172.09527587890625,178.36763284592035,171.25832551713913,178.35800327812677,3923670
2020-01-07,174.58692932128906,177.29982567895735,172.58593118807502,172.58593118807502,3486795
2020-01-08,172.42237854003906,173.66338923553968,170.5272030432055,172.97073551693956,2770350
2020-01-09,175.7894287109375,177.12663225894823,175.087160145809,175.1545084072753,2997000
2020-01-10,176.48207092285156,178.4349648694361,174.82739999088548,175.47194982101357,2543885
2020-01-13,180.69569396972656,181.39796242150058,176.25117916538863,177.01116630097727,3914925
2020-01-14,187.42987060546875,189.26732754680555,181.25372003941683,181.82130683934116,14487235
2020-01-15,189.5944061279297,191.6338784818108,187.37214810474381,188.17062437215733,8562850
2020-01-16,193.10572814941406,194.01002675835923,189.46930393670795,189.47893350438972,7607070
2020-01-17,196.60748291015625,197.21355854351845,194.32750646727183,194.32750646727183,5496735
2020-01-20,191.12399291992188,197.82925529589818,190.1042568362102,197.63685475393342,4438240
2020-01-21,189.08448791503906,191.32598980374706,188.17057449000635,190.94117410742632,2882445
2020-01-22,191.79737854003906,193.55787190672373,189.90220334264066,190.4794195766817,2970515
2020-01-23,191.5376434326172,192.54774981801674,190.28701805162427,192.13408943987687,1633700
2020-01-24,192.9229278564453,194.82773253111847,190.88345603664914,192.40344501376404,2432850
2020-01-27,193.86570739746094,195.76088242787188,191.44141997900326,192.7690083927901,2760640
2020-01-28,201.7735137939453,203.9284231513244,194.35635395181592,195.0201482375154,6514465
2020-01-29,214.79920959472656,217.39665322407672,204.62106536664612,206.35269934595232,14390900
2020-01-30,218.79159545898438,223.95763852994443,214.73189581005582,217.95464507486184,19073065
2020-01-31,232.86590576171875,237.6182735820345,220.5039922391727,221.6680249541714,16631450
2020-02-03,240.66786193847656,243.00557156947568,228.20012617054402,229.79706370419652,14263290
2020-02-04,271.79876708984375,276.6762022146554,247.4308799610785,248.20048211573564,32973625
2020-02-05,290.2502136230469,297.80205483817906,277.2533806581287,280.33181821491706,54801510
2020-02-06,289.4325256347656,300.72662927992724,283.2179017782982,294.76210997055307,27968115
2020-02-07,291.2026672363281,293.9925117145891,285.14194024034043,288.6052086154134,11897055
2020-02-10,284.7956237792969,295.91654196791825,282.0634980353613,293.2036460018948,14954080
2020-02-11,270.9040222167969,289.5671481529767,265.24735695087793,287.6816028504811,14445050
2020-02-12,272.29901123046875,278.98504385237624,259.7446960004882,268.4028525338378,26712510
2020-02-13,304.0648193359375,309.7310860462875,291.55859425994527,304.67089494081654,56906935
2020-02-14,299.64910888671875,308.595856531924,297.9559493281601,307.6530691671024,16647740
2020-02-17,292.1934814453125,301.1113699149722,290.52918119591567,301.0921401408828,7844795
2020-02-18,315.2723083496094,317.0809055573021,285.7191359424379,291.4912396988508,37932555
2020-02-19,352.46392822265625,360.3139934738379,319.0819137871897,320.60191767038026,66560220
2020-02-20,371.34832763671875,380.38165531039004,358.2648857709077,359.7944898383844,60260010
2020-02-24,372.01556396484375,384.85769050128334,350.45082878162816,367.4705220195385,49287130
2020-02-25,377.5179748535156,385.65065220427994,370.75843086047115,371.9768952605987,28821120
2020-02-26,377.4598693847656,383.658519830003,375.20670806616215,378.881401134439,18443625
2020-02-27,369.28851318359375,381.0088832458914,365.3043641009081,380.4286607701523,17376895
2020-02-28,337.2606201171875,360.875422126928,334.8430506519854,356.25303048991543,25451290
2020-03-02,333.2861022949219,362.3839632411667,316.4985150145432,350.06403936568415,24522045
2020-03-03,336.3902282714844,349.8705962380112,326.1880982439348,342.32779228043677,21576015
2020-03-04,302.7569885253906,341.3607433664376,302.7569885253906,338.84646569999745,22030465
2020-03-05,276.7342834472656,294.9337192780748,272.91451286883364,291.46209395910915,38036670
2020-03-06,262.9058532714844,262.9058532714844,262.9058532714844,262.9058532714844,1160040
2020-03-09,249.763916015625,249.763916015625,249.763916015625,249.763916015625,675325
2020-03-11,248.5937957763672,262.248220962182,237.27956088973008,237.27956088973008,20419620
2020-03-12,236.16751098632812,236.16751098632812,236.16751098632812,236.16751098632812,677425
2020-03-13,237.45364379882812,245.3929325886337,224.36008107799498,224.36008107799498,15914735
2020-03-16,225.5882110595703,231.69983294577727,225.5882110595703,228.43127473728867,6725625
2020-03-17,214.31268310546875,227.9864547644874,214.31268310546875,222.80318548572046,8989995
2020-03-18,203.5980224609375,210.41557126616968,203.5980224609375,208.2204288280128,2059540
2020-03-19,193.42486572265625,199.78790913551862,193.42486572265625,193.42486572265625,3359100
2020-03-20,183.92864990234375,194.37255112276048,183.75459201391084,187.65171213208768,15339665
2020-03-23,174.73220825195312,174.73220825195312,174.73220825195312,174.73220825195312,831170
2020-03-24,165.99996948242188,169.80038105371574,165.99996948242188,166.52215791948612,1346635
2020-03-25,157.70286560058594,159.5595568551288,157.70286560058594,158.64088356982427,1476345
2020-03-26,165.58413696289062,165.58413696289062,149.8215836418447,149.8215836418447,5266130
2020-03-27,173.8618927001953,173.8618927001953,173.8618927001953,173.8618927001953,797295
2020-03-30,180.98890686035156,182.54582203886426,165.97096794386192,172.11158495108938,9125940
2020-03-31,190.0305938720703,190.0305938720703,190.0305938720703,190.0305938720703,323060
2020-04-01,199.52684020996094,199.52684020996094,199.52684020996094,199.52684020996094,280930
2020-04-03,209.4968719482422,209.4968719482422,209.4968719482422,209.4968719482422,1114130
2020-04-07,219.9697723388672,219.9697723388672,212.55267231684954,214.68013011459888,2977140
2020-04-08,230.96487426757812,230.96487426757812,230.96487426757812,230.96487426757812,481645
2020-04-09,242.51121520996094,242.51121520996094,242.51121520996094,242.51121520996094,513775
2020-04-13,249.6478729248047,254.62805964464923,232.10599115286985,243.49757620319147,18673095
2020-04-15,237.9951934814453,249.2610753070264,237.17321401468283,237.17321401468283,7513670
2020-04-16,249.88963317871094,249.88963317871094,230.15259414763062,236.728385502983,6640150
2020-04-17,262.3836364746094,262.3836364746094,253.1001933280301,262.3836364746094,9751210
2020-04-20,275.49652099609375,275.49652099609375,264.9655757365931,272.12157443451014,5904465
2020-04-21,282.7781982421875,287.20717126526256,266.8995934990319,272.7017585750978,12942850
2020-04-22,277.4305725097656,291.84892858486813,270.9804851960898,286.24018010359106,10123290
2020-04-23,265.2266845703125,280.234973809478,264.10492886347373,278.5039859116425,7430780
2020-04-24,251.96876525878906,260.66233587695217,251.96876525878906,257.2293989362886,4558270
2020-04-27,245.17051696777344,257.21002291874413,239.98724821490512,244.07777101017803,7345540
2020-04-28,256.9198913574219,257.42276460778186,238.85582247333446,247.55907106548025,10009745
2020-04-29,255.10191345214844,263.805163366137,252.50060639472645,263.805163366137,6271095
2020-04-30,256.1366271972656,260.120776677537,254.32829008463855,259.1634286794035,3995625
2020-05-04,248.01358032226562,252.20079702372615,245.64436555242875,245.64436555242875,3829230
2020-05-05,244.07777404785156,253.322556062234,243.69096888839235,252.39421777726352,3284695
2020-05-06,235.21981811523438,245.4122833664721,232.5218026257761,244.46460037198244,4604495
2020-05-07,234.90069580078125,241.5538361631407,230.15258638072535,235.8387138248875,5116205
2020-05-08,240.11297607421875,246.64041291908714,236.34155926600306,237.88880945742562,9340630
2020-05-11,252.11375427246094,252.11375427246094,252.11375427246094,252.11375427246094,646280
2020-05-12,264.714111328125,264.714111328125,264.714111328125,264.714111328125,860400
2020-05-13,277.94305419921875,277.94305419921875,266.12597708933134,277.94305419921875,11339175
2020-05-14,268.678955078125,285.27315286765173,267.4121512347726,284.2964455108146,19010370
2020-05-15,257.2486572265625,266.3967590621525,256.38801805630544,259.5501875084268,6426190
2020-05-18,244.38720703125,254.3185694844379,244.38720703125,253.45793029880844,4313685
2020-05-19,245.60568237304688,253.3515686623208,240.91560704837462,244.657999392364,6044500
2020-05-20,257.8772888183594,257.8772888183594,257.8772888183594,257.8772888183594,2592840
2020-05-21,270.7677307128906,270.7677307128906,270.7677307128906,270.7677307128906,932825
2020-05-22,275.15802001953125,282.3720370874258,270.7677067961617,280.24456472949214,13014475
2020-05-26,266.46441650390625,280.24455841425026,265.5457580833524,280.24455841425026,5837790
2020-05-27,269.1721496582031,273.6494923559114,257.42276972740297,260.5172404704597,6029400
2020-05-28,267.15106201171875,271.5413461956067,263.4183200209476,268.6402633109898,3602915
2020-05-29,272.7695007324219,275.02266220839414,264.2596395679026,266.89963571920845,6210850
2020-06-01,273.8138732910156,280.4380185981012,272.972563957036,280.4380185981012,4756855
2020-06-02,272.6727600097656,275.6028523117847,271.1545196704496,275.02262987833427,3180730
2020-06-03,269.3268737792969,274.9549521385617,268.64026291611447,273.6688183799288,4156685
2020-06-04,276.8503723144531,278.48465151090033,267.2091048320286,270.284245877718,9243615
2020-06-05,281.63714599609375,287.6907490156498,277.73037522401546,282.1593492322733,13630720
2020-06-08,296.3262634277344,308.4818075672601,282.14963512481853,284.3061173190422,21675725
2020-06-09,288.831787109375,303.6466565431843,284.6929102961826,299.0049360183975,8001035
2020-06-10,281.3180236816406,291.43312487041663,277.92374710834076,289.3346913479409,5599610
2020-06-11,277.2178039550781,285.84367327465975,275.7092138091693,281.30831165171014,4297205
2020-06-12,275.65118408203125,279.2775372992725,259.3567939016309,259.3567939016309,7700555
2020-06-15,275.2644348144531,280.2446216741415,272.82753558220065,275.6029004189909,3668070
2020-06-16,272.9048767089844,280.96988411928265,267.05437097664634,279.4710030011494,4455950
2020-06-17,269.8200378417969,274.2103515312325,268.0697201979617,268.83368028641155,2552960
2020-06-18,272.6244201660156,276.1250551788613,269.09474599575435,270.7677142830854,3245460
2020-06-19,275.3998107910156,279.66440623921244,273.6688230463805,274.6358506896539,7500115
2020-06-22,273.93963623046875,278.8908138849027,273.1080064811545,276.56995304830514,3847495
2020-06-23,280.5927429199219,289.6247775154363,274.24904397698526,275.7962940997033,12755875
2020-06-24,274.8293151855469,286.0468141634494,274.11369453900653,282.7492753039861,5628365
2020-06-25,273.1563415527344,276.5602687560666,269.2205313570606,272.70183731009706,3444185
2020-06-26,267.3348083496094,271.5413550605612,259.1634128199654,260.9040508030253,8639075
2020-06-29,262.2288818359375,264.9655569021638,261.10712630185225,264.9655569021638,3582780
2020-06-30,262.7704162597656,267.8569612884505,262.2772227478551,264.96555825332945,2741800
2020-07-01,263.62139892578125,266.31941438797594,262.2579158812047,263.7374670356968,1913900
2020-07-02,273.1563415527344,283.88067622331954,269.8587732410628,278.50400406137567,10791955
2020-07-03,271.7541198730469,275.6029008315503,270.3809570338529,273.6688453871183,2996775
2020-07-06,270.9127502441406,273.7654931949612,269.60725720713225,271.8314381805303,3074475
2020-07-07,270.264892578125,272.89520891141603,268.8433607819835,272.7017915809356,2400385
2020-07-08,268.8529968261719,273.34969867653444,267.78929009859417,270.18749960669186,2361305
2020-07-09,267.8763732910156,270.76777689349774,267.12209280726614,269.9941664783403,1764935
2020-07-10,270.95147705078125,279.27757087305923,263.0315183113091,265.93260123386034,9159430
2020-07-13,270.25518798828125,279.2775419583037,268.1277155941397,279.2775419583037,6623445
2020-07-14,263.4473571777344,268.25348617221186,262.1708734924944,268.25348617221186,3777750
2020-07-15,261.4746398925781,266.70623389812624,261.09748491558827,264.0275777325205,2770445
2020-07-16,263.8438415527344,266.7062353621226,258.19640316714396,262.064514076015,2641795
2020-07-17,265.1493225097656,270.7677509817291,264.3273430777311,265.7391952303884,4036710
2020-07-20,266.2130432128906,268.64026248450733,265.1589866427503,266.8996245636288,2525770
2020-07-21,268.8723449707031,273.12726023630023,266.2130192407876,267.1896969866101,5775745
2020-07-22,265.53619384765625,270.5163817490697,264.96565091442153,269.80079052964817,2290635
2020-07-23,265.2556457519531,268.0600492622777,264.0082014578354,265.5651016513645,2095710
2020-07-24,262.6157531738281,265.35242892999906,262.25795760086254,264.01792581143235,1880755
2020-07-27,260.1014099121094,263.2345698341741,259.55987682709423,262.6446971745947,1604305
2020-07-28,260.2367858886719,261.8710649100208,259.16339940731643,260.13042701704524,1281805
2020-07-29,261.62933349609375,264.7721735338947,259.7532973895451,260.1304523595261,1927480
2020-07-30,259.2987976074219,263.02183029823607,259.163399576528,261.2908721238566,1308100
2020-07-31,258.3607177734375,260.45915065904165,257.64509744543403,260.28509281358146,1074270
2020-08-03,259.1053771972656,263.4183120249695,258.04164093626053,258.5831740307104,1467075
2020-08-04,259.12469482421875,260.69127473817696,258.2350460018583,258.3897739516903,1132335
2020-08-05,258.5735168457031,260.5172221992396,258.1963619268838,260.13041707240353,1106145
2020-08-06,258.1093444824219,260.5269135219957,257.2680351784647,258.6798872344004,1501335
2020-08-07,257.4904479980469,258.96999915804406,257.2293611502859,258.19638882378325,1351535
2020-08-10,256.02056884765625,258.5831862029754,255.3823270610093,257.61615855860276,1538625
2020-08-11,265.3620300292969,267.7312297886774,254.33792200728163,256.06888005073785,5547105
2020-08-12,268.2147216796875,273.4753534139629,261.0974137517478,261.0974137517478,8819995
2020-08-13,267.69256591796875,273.06923658330254,265.95189867029666,270.38090125063565,3442470
2020-08-14,264.6947937011719,272.60507232216014,261.10712959750555,267.8763227424896,4930300
2020-08-17,267.5861511230469,271.4639405498288,263.08947948873794,266.5127648442728,4352715
2020-08-18,266.4451599121094,268.8143897498083,265.93263637518555,266.89966414382263,1710000
2020-08-19,263.379638671875,271.15454930254987,258.77660708917773,268.0600785048779,6399090
2020-08-20,260.52691650390625,262.53832098286364,257.6645229914642,260.1304316355172,3052855
2020-08-21,259.511474609375,262.81872150258266,258.2930400793183,261.11674373191806,2138085
2020-08-24,258.79595947265625,261.09749021936807,258.25442629829405,259.550239930614,1747775
2020-08-25,259.50189208984375,262.1902279453559,259.1634264888023,260.71067672831765,1822090
2020-08-26,264.8302001953125,268.29217599797994,259.58892642065274,260.14013930993946,5510310
2020-08-27,264.4820556640625,267.6732350247597,263.99854185114833,265.835888437954,1648005
2020-08-28,264.28863525390625,266.8609322499889,263.5247046865715,264.19195610152315,1618380
2020-08-31,259.9853820800781,270.5743168343002,258.38979240602725,270.5743168343002,2913125
2020-09-01,261.3876037597656,263.9985906365337,258.38984117480163,258.38984117480163,1672645
2020-09-02,262.98321533203125,264.9462805356951,261.69705186435914,263.6117774837899,1232560
2020-09-03,264.714111328125,268.4468530062304,263.26357000731826,264.19193770079846,2498060
2020-09-04,264.03717041015625,264.7720911688176,260.71059378252806,260.71059378252806,1590560
2020-09-07,273.6398010253906,280.7571099926424,264.1919520018602,268.8336726751687,16053985
2020-09-08,266.7933044433594,282.35277765204916,261.0974967379632,274.8293028153868,16003690
2020-09-09,260.8847351074219,262.78010116081555,255.51774310738637,261.09748238463345,9501855
2020-09-10,265.1300048828125,267.66361280560585,261.1264959277952,263.03154173034005,3343925
2020-09-11,265.0718994140625,266.12598538112735,261.2908477798085,264.8688318979817,2226795
2020-09-14,264.54974365234375,268.44686364151977,261.09744808932993,263.031503260362,4307100
2020-09-15,264.9268798828125,268.44687460326935,263.25394097881457,265.93259687599175,1492300
2020-09-16,264.4627380371094,266.3194146387121,263.8051367923385,266.1260268113557,1160655
2020-09-17,265.1009826660156,265.7585544064508,262.83811192222737,263.2249466037472,1654570
2020-09-18,271.802490234375,274.6358743909677,265.1009951708673,266.12604220029226,3765725
2020-09-21,270.25518798828125,276.56987664879495,266.89960124149445,275.6028491080649,4736910
2020-09-22,262.1999206542969,268.833716913405,257.24871374031864,268.833716913405,2845595
2020-09-23,265.5167541503906,266.8995964259634,261.72599327413457,263.998513856116,1373740
2020-09-24,258.94097900390625,264.1919614866019,257.61615586677345,261.64867408666197,1996385
2020-09-25,261.4939270019531,263.031497286643,259.16338703242764,263.031497286643,1113420
2020-09-28,264.3950500488281,265.4491067126281,262.0645097235782,263.03153743473536,1182090
2020-09-29,267.54754638671875,269.80070777128816,263.8051246829453,264.96556963918624,2185520
2020-09-30,267.6732482910156,274.53915067694896,264.71414597023085,267.5572096919798,3184865
2020-10-01,266.7641906738281,272.70175366009613,264.9655336981076,272.70175366009613,1485980
2020-10-05,266.13568115234375,269.03676420981463,262.3062597796582,268.83369665896765,2033715
2020-10-06,263.7760925292969,265.54576946100883,263.0314919445651,263.61171437318114,1014955
2020-10-07,262.4320068359375,266.22273925308485,260.90408639868264,264.96561492840095,1969740
2020-10-08,262.1805419921875,264.9559067343339,261.097475703676,264.57878128199366,1342420
2020-10-09,261.2908935546875,264.2886557836052,260.80737970985007,264.2886557836052,756020
2020-10-12,258.12872314453125,264.92692738683843,257.2293943747412,262.06453336674764,2219655
2020-10-13,258.4864807128906,260.71066202908634,257.8772780789762,258.78625692542283,819350
2020-10-14,258.7862548828125,262.5673365302932,257.4227718682335,261.09746512846783,1730030
2020-10-15,257.1326599121094,260.6526549108161,256.4557582279035,259.16342398741375,1173905
2020-10-16,256.8619079589844,259.16343874126306,256.2623554717713,257.03596587243106,707750
2020-10-19,257.11376953125,258.6833039480808,256.8037300109635,257.71445262243253,597970
2020-10-20,258.1407775878906,260.1753715059719,256.93941127513756,256.93941127513756,1064730
2020-10-21,258.0536193847656,260.4079215837305,257.3269807134552,258.983708605282,782035
2020-10-22,257.27850341796875,259.2065380041814,257.0072261812606,258.2958152308753,453130
2020-10-23,257.31719970703125,258.2666845752913,257.13311560433806,257.52065019058927,422515
2020-10-26,255.90274047851562,257.9082700938019,255.38925038816217,257.5207058567803,797865
2020-10-27,256.93939208984375,257.50131286827065,251.32973444561313,256.93939208984375,1070910
2020-10-28,258.3636169433594,259.4583941937244,253.83906787668872,256.5518399813959,925025
2020-10-29,257.83074951171875,259.6521950134286,253.83908616984434,253.83908616984434,828875
2020-10-30,254.84671020507812,257.607942929952,253.839096353008,256.31935386041005,581740
2020-11-02,252.33740234375,256.1159175400291,251.9014073119856,255.81557591974814,619650
2020-11-03,252.1823272705078,254.12969838694622,251.90135209902286,252.48266882495844,536545
2020-11-04,252.0079345703125,253.60656310437844,249.97337019422784,250.5159246367837,642490
2020-11-05,253.9165802001953,255.10827815219054,252.11453065849562,252.11453065849562,798410
2020-11-06,254.07156372070312,255.46671200347544,253.50964295789026,255.38921690643085,540540
2020-11-09,254.39129638671875,256.27087029956607,254.032826131577,255.38921205657104,672440
2020-11-10,266.30816650390625,274.5434029993198,256.1739896365447,256.745608386422,9449615
2020-11-11,265.7074890136719,272.63477041639914,260.23348467027193,270.89084977200537,3059480
2020-11-12,267.6839599609375,271.27839035437347,262.57809419103177,266.4341333837597,2471185
2020-11-13,269.1953430175781,271.8596841262212,264.6707943799679,265.2714774628336,3098180
2020-11-14,271.01678466796875,272.2472151742823,269.1953394940906,272.2472151742823,747940
2020-11-17,267.4610900878906,272.6347525316658,265.96905079276587,271.01678740260456,2093560
2020-11-18,264.5545654296875,265.6493722610753,261.99681306491317,264.4964367100562,1559975
2020-11-19,266.6376037597656,267.40300469689726,263.52759883172484,264.3026681779592,1136050
2020-11-20,267.62579345703125,271.0845699747923,263.84724989984,269.3406495383917,2517915
2020-11-23,263.98297119140625,266.24038219234995,262.9462929832426,265.077778124607,1612630
2020-11-24,263.9732666015625,267.2479893426162,262.9462863956345,265.50406850119157,1122295
2020-11-25,262.3455505371094,265.46525286661586,262.17116440137795,265.46525286661586,949640
2020-11-26,261.8514404296875,263.51786591342534,260.8729206840424,262.75249464478145,614630
2020-11-27,262.2583923339844,264.83554065027033,260.87294190427764,260.87294190427764,994610
2020-12-01,263.159423828125,265.07776032655056,262.2680970594017,263.14005744341347,946720
2020-12-02,261.57049560546875,265.23275249062317,260.92135219772337,265.0777327280721,934200
2020-12-03,267.0251159667969,270.51298686540105,261.5898738903453,264.30264594092756,3157740
2020-12-04,304.3355712890625,309.4511050655844,267.79049839026726,267.79049839026726,52163150
2020-12-07,327.7720947265625,333.28486122083666,306.73834039746,307.125875020364,39043080
2020-12-08,319.43035888671875,348.78654820009234,309.3736753495624,330.7271416233488,30540895
2020-12-09,313.47186279296875,329.6516932139581,310.22623421360146,322.9375600191554,18432185
2020-12-10,281.4997253417969,295.43181136828053,272.2472075180695,272.2472075180695,85934670
2020-12-11,275.3476257324219,280.7344380514925,271.278437345439,272.0438383581388,48864630
2020-12-14,286.5862121582031,292.3411914352292,275.5510108623543,276.1032632176337,47223000
2020-12-15,279.22296142578125,290.2678605277478,277.3046251737308,289.667177441842,26369570
2020-12-16,275.8125915527344,282.1101252439571,275.1537797395779,281.70322423988836,17800040
2020-12-17,276.0935974121094,279.2423646077638,275.2022410733981,277.2852953333538,6637615
2020-12-18,276.0257873535156,282.22643106071297,273.21612390758264,277.09152992045614,16348855
2020-12-21,266.1435241699219,278.5448117897609,263.333831110441,275.8901680884052,12783780
2020-12-22,271.0943603515625,273.0126971390652,258.96434911935404,266.2404044364141,13404085
2020-12-23,273.51641845703125,275.83198734355216,267.21888476943417,272.130968141839,8163885
2020-12-24,273.0126647949219,276.7814816492163,271.8984915146189,275.34760039237443,6214910
2020-12-28,274.75653076171875,278.69976256473603,273.4292092397337,275.15376333429,6621705
2020-12-29,273.3711242675781,276.684579615576,272.8285698296954,276.31644090679794,4642735
2020-12-30,278.0506286621094,279.6104946497869,272.8285354635267,275.1537726997025,8186020
2020-12-31,278.6029052734375,283.8734592369162,277.23682125603233,279.9980536500641,13220150
2021-01-01,279.9980773925781,282.7108497066056,279.04859229916815,280.3856120707248,5820940
2021-01-04,281.1703796386719,284.45480034694157,279.99807762702136,283.2921667445274,5262530
2021-01-05,282.2942199707031,283.4859178042472,277.3724680027196,279.74613612763585,6194675
2021-01-06,287.44854736328125,293.54263143845156,280.7731464879308,283.282497834825,21223825
2021-01-07,288.61114501953125,292.5737435228661,286.78000176206757,289.4927737357208,8845040
2021-01-08,285.1329345703125,292.55433930558235,283.04991012437165,291.43046821482903,7844545
2021-01-11,283.0402526855469,287.55507403901066,281.3544312005867,287.23536609722356,5149790
2021-01-12,286.8671875,290.074083045306,281.74195567217106,283.04024247671447,9024105
2021-01-13,283.1274719238281,289.4056104423214,279.45551662303035,289.10526885601075,5903480
2021-01-14,283.5053405761719,287.19666267810453,281.44168200940567,284.54201884810664,5618095
2021-01-15,279.2616882324219,284.84228116151445,278.4478566914284,284.5419396249691,4983220
2021-01-18,275.802978515625,283.26311756889436,274.7081715541745,280.6666025602344,6329360
2021-01-19,279.7073974609375,280.5502934073974,277.63404137318827,278.64165505915037,2887500
2021-01-20,281.4901428222656,282.59461823485276,278.44793470683487,280.9669546968278,2870575
2021-01-21,281.8388671875,287.390396370183,280.96690683829803,282.9046096440794,6042200
2021-01-22,277.5661926269531,283.3793002835218,275.75444547137505,281.74193926156204,4410035
2021-01-25,276.3648681640625,280.0852540770217,274.58218509537363,277.6728234973448,3497400
2021-01-27,278.6900634765625,279.7364394115908,275.5897571352439,277.6243211601427,4115535
2021-01-28,282.33294677734375,290.4034646937102,277.6727746224982,278.35095275842326,14139780
2021-01-29,282.1489562988281,286.57661508394403,280.0368669655662,284.4548277735101,7003680
2021-02-01,282.88525390625,290.20976842239463,281.1897638873832,284.7938924244543,12208490
2021-02-02,284.9391784667969,286.39245544343777,283.1661639977773,284.4547528079166,5315880
2021-02-03,284.71630859375,290.26783683186903,283.32116044560485,286.27617446184,9312665
2021-02-04,294.3176574707031,298.40621128857055,283.7281194713794,285.77238159681497,11025600
2021-02-05,301.31280517578125,303.83182489450934,293.56199346707945,300.2858249897383,15029430
2021-02-08,313.6559143066406,315.6517456441359,302.66914397585754,304.18054965732006,24263805
2021-02-09,318.1223449707031,327.2586060558646,308.48226226338016,314.68290495654924,26576235
2021-02-10,313.59783935546875,324.37146306191255,312.1833244761121,319.4109482244421,15255270
2021-02-11,313.71405029296875,317.1922526028766,312.3092335981027,315.07046581490323,5604990
2021-02-12,335.59075927734375,342.5277389861141,315.07049331696095,315.3514389402597,36497695
2021-02-15,331.9478759765625,338.1291529007109,325.9216188310102,335.99766790376333,14605000
2021-02-16,324.4005126953125,335.9492348001574,322.04621080634723,332.8973586959062,8881850
2021-02-17,329.1478576660156,335.22254457827256,321.0773099052124,323.9838637599373,10460450
2021-02-18,329.6419677734375,334.44749166890784,326.7063494198439,326.7063494198439,4680520
2021-02-19,324.64263916015625,332.3643842183044,320.87382345901034,329.9810186032537,4986820
2021-02-22,313.1037292480469,324.56522864102493,309.6449225512254,324.56522864102493,8588995
2021-02-23,316.407470703125,318.1901832614644,308.63729327885335,312.92929779661074,4687445
2021-02-24,324.65240478515625,328.8281518599948,315.86491568847373,317.39571742360573,3235425
2021-02-25,334.631591796875,337.11184896036104,323.59636040410896,326.5029145394752,9537220
2021-02-26,340.96783447265625,350.7144762870525,325.5340401986049,328.4405941289496,25638605
2021-03-01,375.6139831542969,382.66721981665677,344.0487895375211,346.4515515354447,33081285
2021-03-02,367.7081604003906,385.2153118060268,362.3601114657187,381.82433200063394,27796385
2021-03-03,365.4701232910156,373.9766373305169,364.2881234100372,367.96974687302026,9159855
2021-03-04,380.0028991699219,390.6021359036985,362.3504253919445,365.2569796063184,47960940
2021-03-05,376.0791015625,387.23056227525376,367.3885023832705,381.7177948485373,17979140
2021-03-08,390.5343017578125,392.7723460948182,373.3178232672844,379.7897434317251,20916905
2021-03-09,392.7142028808594,401.68577584832195,390.44709426862954,397.22905372242707,23912320
2021-03-10,391.1253662109375,396.802821864432,388.8969899988923,396.26026738447354,8479065
2021-03-12,385.0893859863281,399.88373694422023,380.7586188337075,393.3536876500897,12514795
2021-03-15,377.2804260253906,388.79038535160333,371.07008502304865,388.79038535160333,10548415
2021-03-16,368.9483337402344,375.85624959837475,366.2258634172283,373.70539810673637,11025335
2021-03-17,353.43695068359375,371.93234845234014,348.98025825290375,369.1323539376628,11818755
2021-03-18,342.32427978515625,360.4127498927484,337.1603144157969,356.14980930204075,18337275
2021-03-19,359.53106689453125,363.3192794631064,329.9907968070905,339.097994165566,24535040
2021-03-22,356.1594543457031,364.09434979701035,349.59064293708605,359.8314094859695,11250950
2021-03-23,356.95391845703125,360.60650720141035,354.79339873217964,358.1843786725642,6601325
2021-03-24,341.1422119140625,355.91719401658685,339.1754449873571,354.54144174881975,10445515
2021-03-25,333.64337158203125,342.7796337272593,330.3783469020187,342.7796337272593,10838460
2021-03-26,338.5942077636719,342.9734055749155,332.9554853555977,339.0979998622046,8880665
2021-03-30,340.11529541015625,343.7484884086994,337.23780537263,337.23780537263,7365165
2021-03-31,340.45440673828125,343.9325800297959,336.19146610738034,340.7838126959371,5430005
2021-04-01,339.4371032714844,344.80454845437936,339.0979993587258,341.0357022122043,4724735
2021-04-05,329.9230041503906,336.7630934587493,325.0303158423074,334.4475537202491,8114150
2021-04-06,327.1907958984375,333.091097338225,326.1153850435542,329.922963924841,5058525
2021-04-07,331.1534118652344,333.55617409143804,324.177699205836,326.34791697982666,7335430
2021-04-08,334.5249938964844,337.00525099417683,325.5340545256001,329.17694507339695,9702175
2021-04-09,335.39697265625,339.8149327025564,332.3160322810361,335.22258649923754,6254115
2021-04-12,306.5445861816406,328.9638224378939,304.8878585170296,325.57284243684256,14036295
2021-04-13,312.2898254394531,314.48913680572366,306.55424232080725,306.55424232080725,6131320
2021-04-15,311.6019592285156,316.40745353429065,307.9009400612834,308.50165272062685,5790815
2021-04-16,315.3514404296875,317.41509869282953,311.19508911037224,312.1639405340446,4840415
2021-04-19,312.4932861328125,313.9078006594953,300.34388334704795,300.34388334704795,5966190
2021-04-20,317.79296875,319.5175231221313,313.13279571162843,313.13279571162843,5716145
2021-04-22,324.1873779296875,325.7278777942406,312.7452443727529,312.7452443727529,4942510
2021-04-23,331.7347412109375,332.8779788625405,321.85247384404613,323.5963946832032,8147370
2021-04-26,335.38726806640625,337.0149311569283,332.8973131253486,333.65301595787633,3958795
2021-04-27,347.4689025878906,349.2903185005062,332.2482248288248,335.22260591379313,11298835
2021-04-28,347.9823913574219,352.2743962224783,343.9422677660143,348.78652505849334,7690145
2021-04-29,347.34295654296875,352.27440707053313,342.0627041047647,348.98031792360814,6060475
2021-04-30,347.12005615234375,350.559466575013,340.59967600430434,345.86056123990056,3783275
2021-05-03,342.11114501953125,345.28900638002006,339.679347817111,341.2295161579099,3866580
2021-05-04,343.0121765136719,346.6647358453897,341.2294933891544,345.87996853424346,2930215
2021-05-05,333.9921569824219,345.4827205049154,332.31603340016164,343.9422503121206,6078590
2021-05-06,334.2924499511719,337.9353106150578,332.5194355723575,336.2882811988577,2386180
2021-05-07,328.1305847167969,331.3181140982621,325.82471365646023,329.4094756595547,4155495
2021-05-10,338.8363952636719,340.55125151909436,327.6558423404452,329.4094609288537,5144555
2021-05-11,347.2944641113281,348.86399864655704,333.8758663254665,334.2537325631318,6486335
2021-05-12,338.4391784667969,354.4058306311429,335.7651391388076,348.59272222559986,8139435
2021-05-14,338.6426086425781,343.7484445746592,335.2225645854126,341.035672641807,5857255
2021-05-17,341.442626953125,345.10488410058235,337.7416074705045,341.64607747048416,3874060
2021-05-18,355.578125,357.07013471345107,343.02179086639205,344.9110627277946,9526800
2021-05-19,360.0445556640625,365.24728299652554,356.53731829632386,357.3123875962556,10493850
2021-05-20,359.56976318359375,362.4278565835266,353.2044034805168,360.80019360658247,4799150
2021-05-21,360.8003234863281,367.13662111598666,358.4847835785027,360.4127887666465,6000765
2021-05-24,365.1601257324219,368.7061257830455,361.84667014818433,362.3504622858516,6355885
2021-05-25,369.7040100097656,370.87631194984016,366.22583695812386,368.45418339852984,4947580
2021-05-26,367.0105895996094,373.98633137584955,365.83828770630987,372.03893063685797,4613785
2021-05-27,373.6569519042969,376.1372092520873,363.51307603541176,368.16355117076887,11421490
2021-05-28,367.4369201660156,373.65695961574846,366.00300934563785,373.5891329167373,3356385
2021-05-31,368.7835998535156,371.8451441652901,367.6112684069908,370.0721591667816,2485790
2021-06-01,367.1171569824219,372.55239872209165,365.83826613767746,370.44997833791354,2098710
2021-06-02,371.6417236328125,373.4922334477401,367.243129777262,368.1538525043363,2883775
2021-06-03,372.3877258300781,377.58078493090187,371.26388417699644,373.58912172299233,2749735
2021-06-04,372.36834716796875,375.3330301155895,370.78911463981154,375.3330301155895,1798105
2021-06-07,405.9100341796875,409.6013561931861,373.3372500344937,375.7206165515315,30720335
2021-06-08,415.60821533203125,423.19430931555627,411.18055702802866,412.9148094341807,32451425
2021-06-09,401.33697509765625,419.12510131766885,399.1667575278757,418.5437845923357,11678705
2021-06-10,408.1480407714844,410.98679799837487,397.5488035152309,405.6581150093516,8977510
2021-06-11,405.7065124511719,413.118219541358,403.23595327677566,409.82413078649716,4220295
2021-06-14,400.0193176269531,405.36736600043645,392.38476487835396,404.97013343116225,5011980
2021-06-15,406.5203552246094,414.6393346842664,399.55431129587726,401.2982615554184,9562490
2021-06-16,404.97021484375,411.1708878802379,402.1314871442268,408.7487592150474,4284715
2021-06-17,397.3066101074219,404.77647646060456,394.59383773424355,401.10452099687285,3771420
2021-06-18,389.8077087402344,401.15295152002074,383.40361452103775,401.15295152002074,6521685
2021-06-21,402.43182373046875,405.70654637581623,383.8880222751401,387.54058161271996,8466300
2021-06-22,403.62353515625,412.41102523416566,402.07336686457677,406.91762429668006,6428745
2021-06-23,402.703125,409.1266152544923,401.49206061014854,407.3051696814355,4048120
2021-06-24,401.6760559082031,406.53001037042736,400.3293679794294,406.53001037042736,2707570
2021-06-25,400.8816223144531,404.689230684608,397.82974640022013,403.88506748679254,2379110
2021-06-28,402.60614013671875,409.32997042802424,400.79439296232,403.81720424441795,3538660
2021-06-29,403.4006652832031,412.1300261312112,400.14533866971686,405.3674325039342,8367385
2021-06-30,394.099609375,407.64416039295855,391.6968772158211,399.2732714633206,12814570
2021-07-01,394.28375244140625,398.94392525066803,393.41179210591616,396.8027719627094,3754990
2021-07-02,399.2732849121094,400.90097752569386,394.7100036837433,396.8414883164167,2610295
2021-07-05,421.1791076660156,425.32579073008907,400.74603393274,403.81727650190413,15752915
2021-07-06,420.2683410644531,430.55753775995095,418.54378682917945,426.29459769638646,19202485
2021-07-07,424.0565490722656,426.1008112253552,418.611609224647,420.2683367517524,5026855
2021-07-08,425.1126403808594,435.5956202234581,423.38808597307695,425.3257888837089,13226030
2021-07-09,428.08697509765625,430.94506884120506,420.18114453016767,425.11259435577944,7415555
2021-07-12,438.48272705078125,440.22667720537765,429.6371391406926,431.90424773137113,10442855
2021-07-13,440.72076416015625,442.56157564203806,437.17476499805014,440.4397890158025,8587235
2021-07-14,439.16094970703125,442.16439488039833,435.1208264672089,442.16439488039833,3411760
2021-07-15,439.5291442871094,445.1097379981128,436.1769266104021,439.16097601214744,4459290
2021-07-16,470.21258544921875,476.17104456017574,439.6162745979716,440.63355662974743,34640095
2021-07-19,469.7960510253906,475.8998327555146,462.22932374609815,465.99816998917936,11797880
2021-07-20,461.29925537109375,480.5406313826968,459.235597008248,472.02444824540447,12440815
2021-07-22,458.2958068847656,468.3524898129363,453.81001987522126,465.82377211677186,6746515
2021-07-23,450.5837097167969,461.64797570583835,448.77196240180126,459.21617889442047,5243460
2021-07-26,448.2487487792969,458.26666773523704,446.06883334081,452.35666885527354,6531495
2021-07-27,444.809326171875,454.778814776364,441.9899947809316,451.0874935225759,4632295
2021-07-28,442.5035095214844,448.57819714102425,438.47308415895935,446.64049434559865,3579030
2021-07-29,449.7601623535156,454.10062692474924,442.9588367100566,443.3076089941846,4462290
2021-07-30,451.7366638183594,457.6853960473282,445.6716445849594,450.32211948426396,4357415
2021-08-02,478.3994140625,486.94468998773885,469.37941044152444,478.41878044520473,36666555
2021-08-03,478.1959228515625,483.941203719562,473.7682655032349,480.7924371287941,8598145
2021-08-04,482.7107849121094,491.2076000117849,477.76963746013035,480.5502359089651,11512810
2021-08-05,479.1745300292969,488.68865822336045,477.701886491244,484.61949993387253,7075850
2021-08-06,482.02294921875,485.31706770981054,479.368305781765,481.51915712302264,3553315
2021-08-09,513.1424560546875,519.3043366028159,483.91219708381504,484.50318222995423,27172245
2021-08-10,511.4760437011719,528.0240431144625,507.6781625540888,516.3978256513918,22718380
2021-08-11,498.4256286621094,517.725132538761,489.8512876160582,514.8379742079342,14865920
2021-08-12,521.203369140625,528.7700969164039,498.4256611365243,502.6304434904387,30341990
2021-08-13,515.5645141601562,525.9505710910922,511.165891675297,525.9505710910922,11688585
2021-08-16,509.53826904296875,518.1029407204061,506.127952611792,518.1029407204061,4956310
2021-08-17,517.2890625,522.2108435945491,506.70922300547164,509.6157768659237,8253620
2021-08-18,526.87109375,532.868286466685,517.9964406707142,519.8372229072,13629770
2021-08-20,512.7743530273438,525.6987988889284,505.9342638203664,523.1798086490342,8280035
2021-08-23,494.9087219238281,520.2635486908489,491.3142616316117,516.3978407329189,8559910
2021-08-24,496.9819641113281,506.04069974772807,492.17644056872064,497.98954813449296,6996380
2021-08-25,510.8752746582031,514.1693927059752,498.13491564347527,499.32658381025624,12582655
2021-08-26,508.00750732421875,516.1846145112902,506.7092205871243,513.0939765557339,7009955
2021-08-27,513.2393188476562,514.8088533472396,504.77156727647287,508.64697278339395,4466105
2021-08-30,522.7437744140625,525.6987594328465,515.2351758720058,516.9790966098129,6642175
2021-08-31,533.2557373046875,534.7090141405826,523.3734429938039,525.311145441664,10251115
2021-09-01,532.1416015625,535.8523187736082,526.6675678063481,533.8370914172735,4574825
2021-09-02,548.3602294921875,553.795472001612,531.5118883765772,532.0932347341522,12314090
2021-09-03,556.1012573242188,561.4106027268622,547.691635029335,551.082614622465,8757735
2021-09-06,582.9384765625,589.0616242261937,557.893692672928,559.1434896334596,25302570
2021-09-07,636.903564453125,640.4108019357294,590.0983537450885,590.9993784883433,57776555
2021-09-08,638.7443237304688,663.2078194492685,632.7664685367674,645.2549761869582,44363970
2021-09-09,638.47314453125,650.6806498929654,616.6255548266703,629.7534809488809,28326075
2021-09-13,665.7461547851562,668.6430105381305,641.3795223882612,642.3483736305395,23892315
2021-09-14,724.4005126953125,728.3437450278443,673.5455116748421,675.6769966024266,59109125
2021-09-15,713.5106811523438,763.4355669487223,707.6975722977668,735.1644879820428,42781400
2021-09-16,730.4557495117188,736.0847731841344,713.5105497819884,725.6308889736454,18011055
2021-09-17,748.6119995117188,778.89829996886,734.5249231967073,740.2023775021448,61620795
2021-09-20,718.48095703125,745.7831869191085,713.1134815385369,745.7831869191085,23477555
2021-09-21,703.2784423828125,746.9841842581509,688.8133873035318,723.4771744513752,26517155
2021-09-22,712.349365234375,727.6196671752791,706.3731492082248,712.8732300777588,14540470
2021-09-23,716.7636108398438,729.3659745543745,714.0374647356973,726.4554957578974,7153935
2021-09-24,715.832275390625,724.903303663206,706.276226505993,721.7987809346962,7698190
2021-09-27,744.093017578125,749.9333975266986,718.1121733553981,724.728669168863,18612320
2021-09-28,750.0498046875,771.2769020237001,733.8287641770179,755.7543480207074,32886570
2021-09-29,731.529541015625,748.7498755494305,728.6966320808817,748.7498755494305,12895755
2021-09-30,737.0303344726562,752.8439257085586,732.897444684628,741.2020093316221,14624460
2021-10-01,736.0794677734375,741.395982679238,724.3502712977371,732.8585899899981,7999080
2021-10-04,777.854736328125,788.7107674140063,738.951293646966,739.7662539157346,26394340
2021-10-05,808.3565063476562,816.5640794326723,777.0979865473887,792.6205430826674,36846475
2021-10-06,866.0323486328125,875.0839542292728,811.0534209929846,814.740015609275,58581180
2021-10-07,910.1843872070312,925.3285653630801,878.0042077058237,892.1588040553557,43227600
2021-10-08,946.2063598632812,963.2132861234586,916.0440717573424,936.0099729633694,61367310
2021-10-11,926.027099609375,956.286381546834,921.6516701013103,951.7071971947097,30074685
2021-10-12,934.7003173828125,946.2937369283202,916.8008601747274,924.5621372978997,16397000
2021-10-13,956.3445434570312,962.3983299291449,937.416720054472,941.2488623440352,16210660
2021-10-14,1060.1031494140625,1085.414700813861,968.2193637253281,970.9357989952148,71177100
2021-10-18,1140.46142578125,1157.7884615959717,1081.7376382277878,1085.414580917407,39694580
2021-10-19,1058.4151611328125,1241.086579582212,969.3933516154485,1198.1472992850354,74305750
2021-10-20,860.405517578125,970.1209027250161,849.336021594471,952.5803989897953,98333925
2021-10-21,887.3565673828125,921.6516880909746,856.4763684535293,861.6376250125004,46361195
2021-10-22,896.9223022460938,908.0694270851351,863.4517945169943,897.9797430986509,28022520
2021-10-25,780.46435546875,909.0396505851551,768.5798989909824,909.0396505851551,38866505
2021-10-26,812.8967895507812,853.7404868855639,786.0233555640007,789.3218628259331,41011205
2021-10-27,801.3809814453125,841.0896076910037,782.6762754997238,824.7326714521322,26793965
2021-10-28,886.24072265625,953.6668093826971,785.8292122075123,792.6203288562192,59298778
2021-10-29,820.4639892578125,879.4011852232422,620.3685708566622,797.6167424176862,82848030
2021-11-01,829.9231567382812,858.5913650505901,785.1017651606667,848.1136517605396,29989312
2021-11-02,822.8894653320312,842.8747313681126,819.0573226931255,842.486703018332,9742650
2021-11-03,795.3853149414062,823.5684983582354,790.7770568960589,814.9340543351005,10088006
2021-11-04,797.7138671875,803.5348257805374,795.5310077151111,803.5348257805374,2229843
2021-11-08,807.9974365234375,814.9341016696159,756.578975346664,794.5607491278755,11974709
2021-11-09,830.4566650390625,832.3969843499015,809.1131526198343,810.0833122752538,9656004
2021-11-10,824.4900512695312,840.158151333868,821.725120299984,830.4565560528764,6275409
2021-11-11,822.0161743164062,830.4565742384669,810.0832237022429,823.665457393059,4924717
2021-11-12,839.0425415039062,849.8598451823475,821.7252156043932,827.5461734481078,9255302
2021-11-15,876.4422607421875,895.4573663972625,843.0687447445516,851.7516855464277,21402501
2021-11-16,893.5656127929688,901.2783945351517,884.1550515131792,888.4722741801489,9298944
2021-11-17,876.6362915039062,900.9873357874784,873.2407325141287,897.3977330126579,7189458
2021-11-18,864.0726318359375,878.8675650580715,845.1059651538674,876.539158439216,7714073
2021-11-22,860.2891235351562,892.255897848164,846.3188000143683,884.7856562323794,11376478
2021-11-23,866.1585693359375,870.8153240586447,846.561331530119,850.8300579006791,6078636
2021-11-24,837.0537719726562,874.7930077472314,827.6432110999727,871.2034050373812,7679846
2021-11-25,839.7216186523438,848.4045587984236,810.7138825304799,837.2477235483586,9169669
2021-11-26,798.4898681640625,829.4379839123156,795.5308931481704,823.6655222960935,10211011
2021-11-29,752.6498413085938,777.097876223565,728.1533102541056,762.5454815377304,13888743
2021-11-30,771.4224243164062,795.4338742511532,764.0976720157429,766.7171147604838,37176726
2021-12-01,787.7211303710938,792.6204247030498,772.5866044812597,784.8591475945744,6448797
2021-12-02,796.74365234375,800.3817512128995,779.0382378472223,790.9226941531108,4869021
2021-12-03,795.4338989257812,806.6392307334879,785.8292949684076,794.5607315791676,4777395
2021-12-06,777.4859619140625,795.0458277742397,774.3814392123824,790.6801093788961,4473930
2021-12-07,798.4898681640625,805.038445638148,782.9188180128946,785.7808007517453,4528051
2021-12-08,825.9939575195312,831.1357918704666,804.3108536083366,805.7175969569308,7190775
2021-12-09,831.28125,837.247755372141,816.4378195980485,830.4566380052755,5118754
2021-12-10,832.3484497070312,843.9903650335318,824.635668960456,825.6058285709977,4358630
2021-12-13,833.076171875,851.9942866073029,830.6992686940687,836.7627670057043,4485978
2021-12-14,829.5349731445312,834.3372751173359,817.8445615394351,834.3372751173359,3374432
2021-12-15,825.7999267578125,841.5165253271136,822.6954039567158,825.7999267578125,2762485
2021-12-16,826.7215576171875,835.1134029414402,816.2437861758635,831.4753043059375,2918474
2021-12-17,807.5608520507812,826.478963719597,800.8182311773326,824.635636845817,4227183
2021-12-20,770.4037475585938,801.0608277554749,757.4036438919993,782.9188306183282,7418777
2021-12-21,790.4375610351562,794.415191845162,776.1277064475299,780.978504612827,3613582
2021-12-22,814.6915283203125,817.4564595090985,794.5607165160297,795.5308761210554,3721795
2021-12-23,816.2437744140625,822.0647321469888,809.307168643965,821.434163920895,2917612
2021-12-24,812.2177124023438,817.6505830349284,803.7773111724881,815.9043074183012,2502607
2021-12-27,813.9639892578125,814.9341489589541,798.4414340395467,798.4414340395467,2640676
2021-12-28,837.7328491210938,850.4419167192688,815.4676735408271,815.6132211723619,8220616
2021-12-29,824.0050659179688,838.2179283186318,821.7252144512513,833.8037138027784,3670117
2021-12-30,808.14306640625,822.5014187685367,806.299739207898,821.4342667361338,3488161
2021-12-31,806.9303588867188,814.9341766935302,804.4079672634458,809.9863857348598,2712460
2022-01-03,820.41552734375,824.635698113262,805.5720374066349,807.0758322272119,3501695
2022-01-04,822.743896484375,828.2253223066373,818.1356380508464,824.6357196840667,2496924
2022-01-05,815.5161743164062,821.8222120121148,803.2921864687247,819.7849004421164,3312721
2022-01-06,818.087158203125,822.5984244450171,800.3817438690521,800.3817438690521,2842824
2022-01-07,835.2589111328125,861.501716208327,817.3109587118057,818.087074541297,12254034
2022-01-10,847.385986328125,852.5278208014266,836.762725964416,836.762725964416,4778546
2022-01-11,836.665771484375,856.6510381567383,833.5127523745116,848.8897603478438,3257687
2022-01-12,835.550048828125,843.4568741368278,822.9379726193986,842.8747427835001,3419540
2022-01-13,842.2440795898438,847.9194895586754,827.5946341160736,835.5499546709488,3384510
2022-01-14,875.7631225585938,880.9049568294769,831.1357789306687,838.1209402108522,14072932
2022-01-17,870.57275390625,891.2372021941438,864.6548036203062,882.8452973851092,6834869
2022-01-18,835.4044799804688,877.218397877846,830.3596969961142,873.0467230805461,5857768
2022-01-19,849.8113403320312,851.75165959338,824.9267221196943,837.7328410873657,4437914
2022-01-20,854.1286010742188,858.591311891165,839.8187458760327,849.6173349024721,3262969
2022-01-21,835.986572265625,854.7106414442801,829.4864908454705,846.9493643369541,3915909
2022-01-24,785.63525390625,834.4828266418463,780.9784995405782,833.8521991989155,7654105
2022-01-25,805.135498046875,808.1429692047161,761.3812633455399,784.8591381592021,5090144
2022-01-27,789.515869140625,799.7995964094368,779.0381573232552,794.1726233690291,4740612
2022-01-28,819.3967895507812,834.3372713512126,792.6204077836519,801.1093044398416,5541007
2022-01-31,842.0986328125,854.662212967392,824.2476703668794,829.486556514617,4650001
2022-02-01,831.329833984375,873.0466992461909,823.2774614581103,867.9048056916807,11012459
2022-02-02,835.2103881835938,842.0984973682356,831.4267422172557,837.2476995723357,2531086
2022-02-03,834.9678955078125,845.8336358139694,831.4267892310344,834.8223478801693,2603770
2022-02-04,830.214111328125,839.6731678112675,825.84839295129,835.3074494344326,2105561
2022-02-07,810.6653442382812,842.6321151441061,805.23247412251,833.1245628345849,4119747
2022-02-08,813.042236328125,823.2774082073337,796.9861068819151,817.3594583664194,3851680
2022-02-09,824.587158203125,842.4866145430387,819.8818486471148,833.3670906800945,6791815
2022-02-10,820.6580810546875,829.6320579203508,815.2251514239239,829.4865102856393,2569073
2022-02-11,805.9601440429688,816.8259441653423,800.3817259529933,810.5684024651223,2582020
2022-02-14,774.5269165039062,795.482400028821,768.7059587270707,795.0458163527894,4917765
2022-02-15,796.0159301757812,798.4413291098939,767.8813025400741,780.9784567842826,4358562
2022-02-16,800.3816528320312,812.9937273615056,795.7248986946859,806.0085665485669,2883449
2022-02-17,799.2633056640625,811.0794144011336,797.4641724327693,807.1407312746913,2350333
2022-02-18,793.9144287109375,804.5635044085061,790.7051336760139,795.5191059072702,1905006
2022-02-21,781.3203735351562,793.5740670031375,774.1237222236489,787.738963569291,3000870
2022-02-22,767.899658203125,777.3817021481296,758.5635156003731,759.5360329280659,4301060
2022-02-23,791.9693603515625,796.4915890876467,773.1511762206095,777.9165342573921,4772916
2022-02-24,717.766357421875,772.5190677117243,714.8001916274865,753.7008823283021,10021435
2022-02-25,778.013916015625,781.4177268981933,746.893359375,748.8383941650391,7097351
2022-02-28,787.1068115234375,789.6840059756915,758.7579693373546,758.8551973191315,4654745
2022-03-02,786.5719604492188,793.3795813768219,773.1512339206357,773.1512339206357,3010826
2022-03-03,777.6734008789062,799.4091365042659,774.9503052391724,799.4091365042659,2962409
2022-03-04,726.7135009765625,758.757955614491,709.9375787392313,758.5634402967129,15395743
2022-03-07,698.2673950195312,719.6627748112161,688.9312530353478,719.6627748112161,6257302
2022-03-08,698.3160400390625,708.9165024226812,689.5633842808346,698.2674260452882,4872109
2022-03-09,714.848876953125,718.3013017257865,699.2885991200594,710.8615795015016,4485413
2022-03-10,737.265380859375,750.7833957962146,729.3880140507266,741.0582222755382,5542997
2022-03-11,736.9249877929688,743.9757382535415,727.4429440701296,733.5697912194919,2461743
2022-03-14,732.1595458984375,741.8847178402789,718.252561893152,722.5802752788192,3574348
2022-03-15,735.6121215820312,748.7411053483263,730.4091183266665,738.1406428605895,3053279
2022-03-16,747.1363525390625,752.3392959109472,743.392184993808,746.8932232346241,2456680
2022-03-17,749.2759399414062,758.1744373163626,746.0666448330983,754.9165282162722,2471381
2022-03-21,749.567626953125,761.1892192879745,746.8932046707753,751.8044046268152,2165538
2022-03-22,744.7537231445312,752.7283767334109,731.4302245013445,752.7283767334109,2670547
2022-03-23,745.3858642578125,764.0095341336711,742.0306678461992,750.7833231681072,3000265
2022-03-24,751.2695922851562,757.9799852020628,739.4048697004957,745.3372606716978,1803315
2022-03-25,748.8868408203125,757.8340107267476,746.8931924775645,757.5908814323212,1756340
2022-03-28,745.1913452148438,755.5972916949388,737.7515644852625,749.8108021672359,2500762
2022-03-29,746.5042114257812,754.4302506934042,744.9482075812409,747.8657593080604,2496305
2022-03-30,767.8509521484375,773.1511828204527,747.8657353319851,751.7558041763647,5002096
2022-03-31,753.4091186523438,770.9630429849949,751.7558274707046,769.3097518033558,2496423
2022-04-01,776.2633056640625,780.5910194366094,754.235765503525,755.6459274327025,4160527
2022-04-04,809.8151245117188,814.6777107531032,780.9313503663465,781.855253623758,5650502
2022-04-05,799.7495727539062,817.8384300318892,796.9293082167428,817.7411426878693,3480544
2022-04-06,770.18505859375,806.1681973382686,766.1004742160668,797.4641559595999,5400080
2022-04-07,766.1004638671875,778.9863174327098,762.4535241788321,773.9778298509382,3337181
2022-04-08,768.6289672851562,777.8192669598511,767.3647067605044,770.0877431269256,1715933
2022-04-11,779.3753051757812,786.7664121275801,768.6289426660921,768.6289426660921,2482781
2022-04-12,762.0645141601562,779.9102417994641,755.0624372552036,779.3753691689112,2743228
2022-04-13,758.8551635742188,771.8869178709135,756.618385873134,768.2885923390435,1501647
2022-04-18,746.1152954101562,756.6184705331547,736.4873502553891,756.6184705331547,2339997
2022-04-19,732.0623168945312,756.6183760132119,724.8170519364816,749.8593696515719,2121322
2022-04-20,727.0538940429688,740.5719079642718,722.4344369676828,734.2505456507225,2149320
2022-04-21,738.7728271484375,740.3774451579823,730.5064296904695,736.9736344399955,1365751
2022-04-22,734.4450073242188,744.948181298657,730.3604231792317,730.6035524812221,1361764
2022-04-25,725.1088256835938,733.7156388162458,719.6627529181208,724.5253390864864,1579619
2022-04-26,740.1342163085938,741.8361214387629,728.4153957124056,728.4153957124056,1581369
2022-04-27,727.9291381835938,737.7029243598014,721.7050042409318,734.2505001050278,1666186
2022-04-28,736.5845947265625,740.0856331111925,723.6500677129322,735.9038207746225,1902979
2022-04-29,725.4492797851562,745.5803994331134,724.5253764939172,739.0645217595386,1428538
2022-05-02,717.2315063476562,722.2886081622667,710.0835279596963,719.6627995895127,1299170
2022-05-04,701.817138671875,724.2336507372873,699.385845403224,719.6628075206745,1654040
2022-05-05,697.4893188476562,712.4660474932374,694.571767368392,709.8889126345293,1245236
2022-05-06,685.18701171875,691.4111458173614,680.7620701344246,690.4872425649164,2164692
2022-05-09,671.7662963867188,683.1447601840358,665.4449342057362,679.7895637702735,1879751
2022-05-10,660.09619140625,679.5951535865528,656.4492511222376,669.8213654969499,1497882
2022-05-11,639.0410766601562,669.0918841537645,625.9607668180546,660.2420007082002,2586387
2022-05-12,603.5928955078125,635.0538069159079,601.0157008790675,635.0538069159079,3756193
2022-05-13,633.88671875,642.8338891390663,608.7957860832912,608.7957860832912,3683558
2022-05-16,635.783203125,641.715535082188,621.9734451970452,639.7705004263562,2251248
2022-05-17,664.3753051757812,668.1194735332667,632.6712013847326,637.4365605285807,2795767
2022-05-18,653.2884521484375,673.6140860886347,650.2249991172612,667.3413380557803,2385266
2022-05-19,636.8528442382812,643.2714931669301,626.3010567000173,626.3010567000173,2189389
2022-05-20,644.0496215820312,651.5866311211188,637.971388082767,651.5866311211188,1380474
2022-05-23,635.296875,657.8106724227748,633.6435838517584,646.7239523536166,2459723
2022-05-24,633.2545776367188,641.5209735640716,621.4384703033489,641.5209735640716,2143475
2022-05-25,629.6564331054688,640.1596096644164,619.4936139099632,636.9989279607942,2333806
2022-05-26,621.8275146484375,634.0812074918408,608.066372675266,630.1911387342221,2987486
2022-05-27,634.5189819335938,646.7240632864725,630.1912676836605,631.1637850720612,2191764
2022-05-30,675.9967651367188,693.4048489013232,644.633081578419,645.2652415792818,7812575
2022-05-31,673.6141357421875,691.4598045641412,658.734573474231,685.624700728157,8925215
2022-06-01,668.8974609375,679.6437664177089,666.2230380671527,673.6142059780365,2016185
2022-06-02,654.6013793945312,673.0792083346812,653.142603425572,668.1193937833184,2332416
2022-06-03,647.1130981445312,666.1744153366097,646.0432933957634,662.2843457580018,2642554
2022-06-06,639.819091796875,646.7239401972384,630.3370490646598,646.7239401972384,1819887
2022-06-07,636.7070922851562,646.7240086681667,632.1362490741478,638.9438702180233,1587641
2022-06-08,629.8021240234375,645.070656154304,627.2736030102134,636.7070318572638,1797454
2022-06-09,631.6499633789062,633.9840285571219,623.821211270162,626.73876306406,1149323
2022-06-10,626.9332885742188,631.9417169538021,623.5294780927034,624.3560940379737,982264
2022-06-13,609.427978515625,617.5484740773236,604.614006098119,617.5484740773236,2000311
2022-06-14,606.0726318359375,617.5483210484414,602.4743069126133,606.8506335972086,1952853
2022-06-15,606.2186279296875,615.0685708680246,605.100268662769,607.7746912056425,971460
2022-06-16,583.6075439453125,616.5272865525448,580.7872796994386,616.1868699202528,2867076
2022-06-17,578.015625,584.5315026855958,565.4701876293923,582.5378541215034,3552167
2022-06-20,558.4679565429688,581.4680101898348,552.8273691146476,573.7851011934724,2426937
2022-06-21,583.364501953125,586.4279553135336,558.2735664829015,562.1150218428232,3366401
2022-06-22,573.5906372070312,581.2735468906507,568.0959505983893,581.2735468906507,1686383
2022-06-23,573.2989501953125,579.4257973334843,565.9078424346204,573.5906935147025,2026544
2022-06-24,580.1065673828125,583.4617639274055,574.3686915901611,575.7788535416851,1938626
2022-06-27,596.1530151367188,598.0980494438533,585.9415850242627,588.4214918943119,2296044
2022-06-28,603.00927734375,606.3644735517107,587.2058728606461,593.7703639536277,2017990
2022-06-29,584.6288452148438,598.0495731525095,580.5928743552042,595.1806350173953,2143251
2022-06-30,560.364501953125,587.303244083716,559.1974692761296,584.6288214045692,3232913
2022-07-01,563.2820434570312,569.7006340241263,559.8782328379891,560.3644914978523,1928361
2022-07-04,559.5865478515625,570.3814674828164,556.2799648766769,565.5188803772511,1698911
2022-07-05,555.1614990234375,567.7556104304633,554.3348830286868,563.0875390765082,1576894
2022-07-06,561.4342041015625,563.2333966528969,541.6921155326917,555.1614558831811,2751283
2022-07-07,566.6371459960938,571.840089049624,562.2121454398775,568.2417636925603,2197534
2022-07-08,572.8126831054688,574.7577176830765,567.366610031265,569.8951312390573,1642440
2022-07-11,576.6055297851562,578.307435056827,567.7069727644653,571.4511406190429,1443087
2022-07-12,574.0283203125,584.6773963219935,566.3454101137164,572.8126737214104,1990023
2022-07-13,576.5082397460938,588.9564492320106,575.0494638057656,576.7027550763531,2991446
2022-07-14,569.6033325195312,581.4193808145226,565.032489835203,578.5991165659609,1831386
2022-07-15,575.0007934570312,578.0642463745703,569.9923061430203,572.8126297610003,1140354
2022-07-18,587.4004516601562,588.3729689642294,578.8909252495165,579.4257978952077,2221750
2022-07-19,591.0473022460938,594.6942415853333,582.5377771212014,583.510294278332,2129099
2022-07-20,591.4364013671875,600.4321861127648,589.7831101369921,599.0220242000175,1599889
2022-07-21,591.14453125,596.0557903882666,586.5737480897017,591.2904325669188,1622641
2022-07-22,592.992431640625,599.8486668261753,590.3666230238036,593.8677209654809,1465991
2022-07-25,582.8297119140625,594.0136628960992,579.6690301147912,592.5548866810509,1288536
2022-07-26,579.6688842773438,582.4405940032616,574.7576841271624,581.1762741154353,1549042
2022-07-27,584.4342651367188,585.6985257158643,572.6181565659788,576.7027409705397,1176622
2022-07-28,585.941650390625,590.172076737485,581.6625506944675,587.4976542668223,1600700
2022-07-29,619.5906982421875,622.4110219283967,588.5674344825883,589.3454363884507,6964646
2022-08-01,624.2588500976562,630.0939536311154,615.3602934660342,628.5865043987776,3068787
2022-08-02,630.1426391601562,636.9016467252872,614.6309753011794,621.924855546051,3211110
2022-08-03,624.501953125,630.8233150201684,617.5484312972187,627.61396072566,1638012
2022-08-04,621.4385986328125,631.5528030109377,613.7070736796807,627.2737028453272,1794443
2022-08-05,624.6964111328125,629.4131552539534,620.2714696632141,623.0431793486863,1225071
2022-08-08,640.4026489257812,642.8339422018853,624.7451439707702,625.3286306139368,3886443
2022-08-10,654.6500244140625,658.8804507978591,636.2208102655848,645.0220796925166,5461816
2022-08-11,651.6837768554688,672.34976814441,634.3729819061627,669.0918591431323,8853819
2022-08-12,648.1341552734375,666.1257250130053,645.4597327445829,651.781095085512,4080911
2022-08-16,649.7874755859375,657.4217128575305,647.6965395904073,651.3920935603646,1596822
2022-08-17,653.1912231445312,657.4216493640586,649.7874128297765,650.5654147444579,1526304
2022-08-18,696.0777587890625,704.7037770773788,655.9690760346832,656.9437700555371,10273793
2022-08-19,716.5463256835938,733.7009164737879,679.5079532810645,689.011219884345,25609355
2022-08-22,694.4695434570312,708.1152608021519,685.4049002616082,700.8050550815516,9845889
2022-08-23,696.8575439453125,700.8050430686491,680.6288637275223,685.2099377986931,4889154
2022-08-24,705.9708862304688,710.5519601487529,690.2296130683118,696.8575206887255,4455258
2022-08-25,698.8555908203125,715.1817151525862,696.9062028403395,711.4291670873782,3528550
2022-08-26,700.4638671875,709.3335587949479,697.978349893986,701.7796802918068,1996839
2022-08-29,674.2932739257812,679.3616944481917,649.1461814956896,649.1461814956896,5290429
2022-08-30,692.7637329101562,695.7852603935813,678.5819476730768,682.2370500275096,3375748
2022-09-01,689.1575317382812,698.7095231321983,685.4049828126539,689.1088089257303,2309164
2022-09-02,694.6157836914062,707.8228770294869,692.1790484079742,695.8341513331223,3497693
2022-09-05,692.9100341796875,703.1930446610086,692.0327857254838,698.1246236279968,1573079
2022-09-06,690.3757934570312,699.48921864747,687.3542656556435,696.8088099721535,1471443
2022-09-07,688.5725708007812,693.4947634782981,683.84526932586,689.1086405891169,1244503
2022-09-08,696.7113037109375,705.6785009806355,691.2043179542773,695.1518170077745,2501592
2022-09-09,693.7871704101562,703.192991212964,692.0327331257041,700.3176320434062,1383138
2022-09-12,703.0468139648438,706.6531938869393,695.4442121908016,696.9062532816023,2318918
2022-09-13,701.7310791015625,709.2849589138087,699.8304135732623,706.604549948173,1479262
2022-09-14,694.8106689453125,700.4639423467355,690.1321491394857,693.9822027523145,1269173
2022-09-15,706.0196533203125,719.3242516905058,697.0037328214817,698.3196055616213,5718669
2022-09-16,685.2098999023438,711.867757702588,674.4882656222218,706.0683758435492,3745099
2022-09-19,674.4883422851562,691.4480440521538,672.344003287284,687.0619204390277,2263251
2022-09-20,688.2802734375,696.9062925631929,680.7263940425843,682.1884352157938,2330872
2022-09-21,682.6270141601562,694.9081959646817,678.1921677407203,690.0347252860468,1419089
2022-09-22,683.1630859375,687.1593077608607,675.5604247272372,682.2858374930531,1654457
2022-09-23,668.4451904296875,688.9624889850519,666.6907529778669,685.6972876022359,1804335
2022-09-26,647.6842041015625,664.1565575431262,644.2727748850757,662.7919620602896,3249490
2022-09-27,659.5267333984375,664.4489263085504,647.2455530340288,651.095606316807,2808630
2022-09-28,662.889404296875,665.6185952486594,649.8285396288676,654.8969606228334,2044821
2022-09-29,689.1087036132812,693.9821739358646,667.1780871616563,671.6129332570863,5846347
2022-09-30,688.134033203125,693.9821977912535,677.6073488426149,687.1593391051035,3220279
2022-10-03,688.2802734375,691.4967521204393,682.3833264464022,688.0853227162838,1735784
2022-10-04,701.0487060546875,701.7797266032325,690.7656955699416,695.9315622148722,2443139
2022-10-06,712.7450561523438,716.1077626743632,701.8284704027268,707.4329614425571,4123619
2022-10-07,716.643798828125,718.9343060447991,705.727213591854,714.4507372200145,3152365
2022-10-10,712.6964111328125,716.8388614839441,704.5576788662215,707.1406422931723,1952447
2022-10-11,707.2379150390625,727.7064882412969,702.8517922100123,716.4000620782067,3747651
2022-10-12,704.0215454101562,716.107776198816,688.6701131415624,711.5267019729237,2818945
2022-10-13,705.7760009765625,709.4798862905476,693.5923242611087,703.7291670846098,1887973
2022-10-14,704.5575561523438,715.3766955852807,701.1949093395928,713.4760303276807,1612489
2022-10-17,709.5773315429688,711.3317690909697,694.3233445068248,701.0000350378239,1387810
2022-10-18,712.6475830078125,716.1077350093034,706.6531907657647,713.1349300359268,1675213
2022-10-19,724.0027465820312,736.3326504197029,711.7216250405647,714.4507565508234,6094000
2022-10-20,723.8565673828125,726.1470746273416,707.237986068992,720.2501874630525,2237769
2022-10-21,724.7337646484375,736.8687177314212,716.6925385620827,724.1976948074681,2936578
2022-10-24,724.9774169921875,731.4591561717583,721.3223143324152,730.045837911859,649393
2022-10-25,721.6635131835938,728.0964702489895,716.9849340553734,723.4666734167503,1544325
2022-10-27,722.4920654296875,727.9991113772682,718.1546644035218,727.121862813554,1783787
2022-10-28,720.6888427734375,725.9521552295695,716.6438384541283,722.5407258727665,1484665
2022-10-31,722.4432373046875,733.7983872228275,719.3242044657937,725.1723687297433,1993381
2022-11-01,723.4666137695312,728.7299851095307,720.6399774034945,726.1470222408902,1359226
2022-11-02,736.3326416015625,742.0345780724001,719.5678918241655,723.2229945594728,3424051
2022-11-03,732.3851318359375,740.7674768567593,727.121760177819,732.9212016644894,2828562
2022-11-04,739.3054809570312,747.0543110141618,729.1199156297721,732.9699692546968,4743835
2022-11-07,744.56884765625,755.2904827687779,742.2295580172739,743.0093014000637,4583239
2022-11-09,741.98583984375,751.4891067580049,740.2801252693965,750.0270656942735,1566292
2022-11-10,725.6110229492188,743.6915863147121,719.3242342074149,742.7168922304203,2557799
2022-11-11,728.876220703125,738.5257158857704,725.6597421391117,735.8940299731757,1668424
2022-11-14,739.5978393554688,745.6409544135424,731.0692663474707,732.6775353395062,2342968
2022-11-15,721.9072875976562,731.0206546291207,713.0375346271218,731.0206546291207,4125858
2022-11-16,709.7235107421875,729.8509075897923,703.777841221868,723.2229998130765,2945626
2022-11-17,708.0665283203125,719.7628573134522,704.7038218366638,704.7038218366638,1607026
2022-11-18,699.9278564453125,714.4508233074239,696.2727533247083,712.5014349764351,1537039
2022-11-21,697.4422607421875,703.7777715690507,692.617513675918,693.007415061503,1154333
2022-11-22,697.052490234375,700.8050386198945,694.9568741807856,695.9315682539703,876182
2022-11-23,703.5341796875,706.0684200065831,699.0506106861615,700.5613746220077,1116201
2022-11-24,705.2398071289062,709.3822564839818,703.1442507965802,703.7290433798809,1110302
2022-11-25,703.436767578125,709.5286059084563,701.7797756541532,709.5286059084563,800689
2022-11-28,707.530517578125,717.17995410919,700.8051040490044,701.7797982131893,1780538
2022-11-29,704.7037963867188,710.9418620873515,701.87715985255,703.7778251434149,848626
2022-11-30,717.5697631835938,720.6887960055305,707.6278720908089,707.6278720908089,2643749
2022-12-01,713.4273071289062,721.1761365652256,711.5266418723596,721.1761365652256,1155151
2022-12-02,711.6242065429688,716.4002318851144,708.8950747005765,716.4002318851144,926912
2022-12-05,710.6493530273438,715.1329810045019,706.750577129258,714.450683324217,1114128
2022-12-06,698.3196411132812,723.7104120207351,696.0290741485464,710.4545952735691,3646370
2022-12-07,699.1480102539062,704.460104573229,694.4207680422879,699.3429609564744,1847900
2022-12-08,702.4132690429688,704.2651519859056,697.3935710456309,703.3391807691363,1090422
2022-12-09,703.8753662109375,709.0899558356166,699.5866883862733,704.2164853487739,1253279
2022-12-12,705.5810546875,706.6531943585609,692.5201304713897,702.7056953088857,1082376
2022-12-13,704.5575561523438,711.9165436751181,702.7543959921554,706.1658250989135,1172294
2022-12-14,716.3027954101562,721.1762664376015,705.3374855984043,706.6532989795693,1858776
2022-12-15,671.6128540039062,684.7224995227823,669.6147433055536,680.8237237247878,14531256
2022-12-16,655.1405639648438,665.6185239541504,651.2417881548691,664.15648302541,8857773
2022-12-19,659.6729125976562,664.3514320789384,655.9690871537498,658.6494957565325,2696707
2022-12-20,657.090087890625,660.842636588282,650.121000891422,659.331872547301,4253915
2022-12-21,637.0112915039062,661.5248709279667,633.6973673917247,660.355226156948,3812361
2022-12-22,624.7301635742188,640.8126154076779,616.2503134366377,640.3739911868264,4836262
2022-12-23,591.8829956054688,621.9035621588063,589.6899338679434,618.4434099821653,7402977
2022-12-26,606.3084106445312,613.472447473349,590.664583330676,594.6608050652201,3578861
2022-12-27,617.0787963867188,618.8820161236321,607.283132810446,612.1078803899849,2032618
2022-12-28,622.5858764648438,624.7789382606103,614.4959270719154,618.9307734718994,2067777
2022-12-29,617.030029296875,620.685131823502,611.6692122578221,619.9053885159418,2332891
2022-12-30,623.5117797851562,629.21371603603,619.5154985876891,621.8547880442845,1680270
2023-01-02,626.0947265625,628.38529337439,622.9269707616656,626.7283015189093,937786
2023-01-03,627.7517700195312,638.229732375893,625.8998867857968,632.5277952619313,2364730
2023-01-04,619.1256713867188,630.1884250388331,616.9813325823088,629.6523552103815,1377074
2023-01-05,621.0263061523438,622.2446736528461,615.5192612538325,622.2446736528461,861066
2023-01-06,620.149169921875,623.7555502737669,615.0320254942288,621.2213097199943,730880
2023-01-09,623.414306640625,625.558645503976,620.197828090901,623.2681382237224,592137
2023-01-10,620.8314208984375,626.5333576056123,618.5408540616748,622.8295319117701,978802
2023-01-11,624.5352172851562,627.7029729717373,620.1003712220637,620.1003712220637,922620
2023-01-12,624.437744140625,627.9953415989326,622.0984547097531,627.4105489865153,685572
2023-01-13,625.2662963867188,627.2156846841052,620.9288955269119,626.2409905354119,697974
2023-01-16,623.8529663085938,627.0694450410199,621.8548552392539,626.7283258915991,789814
2023-01-17,624.9251098632812,627.4105677763919,617.6149045361303,623.8041879168768,1093013
2023-01-18,623.950439453125,626.2409467461489,621.562427057684,625.3149754715159,706202
2023-01-19,624.0966186523438,624.7789164186289,618.9307518343672,622.8295282238751,802422
2023-01-20,625.2174682617188,635.4517550990681,622.3421091092958,623.3168030938053,1759179
2023-01-23,626.5333251953125,628.6776640094345,623.6092430371291,628.3852676917369,756232
2023-01-24,626.9232177734375,631.0169446352962,622.4395894997435,626.8257126751772,845755
2023-01-25,611.6692504882812,627.4105834830577,609.6711395469597,624.1453226608255,1518420
2023-01-27,596.3665771484375,616.8351537927756,585.7911696784394,614.7395971164108,2034846
2023-01-30,609.0375366210938,610.8894790614778,594.5633541723198,598.4134074622118,1192737
2023-01-31,620.4901733398438,623.8041567186517,606.4546155080343,610.2071635920548,1169450
2023-02-01,612.1565551757812,636.2802316905158,601.1912476690837,624.778854381611,3338066
2023-02-02,614.2521362304688,618.3945854980226,607.1368823278485,612.1077976526743,1229577
2023-02-03,611.57177734375,617.1762679825457,602.3609069175219,615.1293748374939,1017351
2023-02-06,618.7845458984375,620.1978642879466,609.1838324945666,611.1332207585492,903072
2023-02-07,620.3440551757812,621.7573734809297,614.5446135384786,618.9307368706328,876421
2023-02-08,625.0712890625,625.7535868029294,618.9794511847457,621.8060877562654,971390
2023-02-09,634.9644165039062,640.0815599902527,620.880076343366,626.7282403277619,3035079
2023-02-10,627.8492431640625,637.1575601411449,625.3150027497468,637.1575601411449,1367860
2023-02-13,623.901611328125,629.7985576747105,617.4686546653421,627.8491696568248,859178
2023-02-14,625.8023071289062,628.2877650750638,620.1003706941563,625.7535843241981,773609
2023-02-15,630.8707275390625,631.6017480808227,615.031949134258,624.2915426632206,826243
2023-02-16,632.8201293945312,636.4752321827168,629.5549280333275,630.8707412408323,908726
2023-02-17,633.4536743164062,635.4517851811206,628.9213232776376,631.7479597627668,769510
2023-02-20,625.6073608398438,636.3777778336341,624.4377755561674,633.453695643234,839690
2023-02-21,626.2896728515625,631.0656976676063,622.8295207455418,625.6073750934697,810862
2023-02-22,606.9340209960938,626.6327070756539,605.4639724744741,626.6327070756539,1476831
2023-02-23,590.2734375,603.6998918634956,588.9994074837027,603.6998918634956,1905454
2023-02-24,595.712646484375,597.8197399863078,589.9794811012415,592.8705885283954,1103521
2023-02-27,587.8723754882812,594.9776099564945,583.1192425637025,593.8995983085777,1272125
2023-02-28,597.0846557617188,598.4567248554052,588.6073527668874,590.8124253568978,1169989
2023-03-01,599.1427001953125,602.5238234667191,591.2534524396452,591.2534524396452,838187
2023-03-02,597.0357055664062,602.1808752831108,595.8596548107314,602.1808752831108,675954
2023-03-03,601.69091796875,605.170021106562,598.7998103580719,598.7998103580719,922970
2023-03-06,603.50390625,608.5510967546782,602.7688819910524,603.2588981636841,1159437
2023-03-08,605.9049682617188,606.4439740623545,599.9757848218765,602.7198632930968,599416
2023-03-09,602.7688598632812,608.9921009171046,601.7398379018156,606.443981023105,705160
2023-03-10,599.7308349609375,601.249873207058,592.4785713249404,600.5638385685561,783871
2023-03-13,589.636474609375,600.7598176158217,588.0193973401191,595.0266524183261,1063211
2023-03-14,591.302490234375,592.9195675269284,584.1972557474821,589.9794704978693,1024101
2023-03-15,593.5565795898438,596.790674179335,589.4894216650862,592.9195346756062,787957
2023-03-16,591.4005126953125,594.4875785989875,583.8052622509124,592.4295346632042,921400
2023-03-17,599.4368286132812,606.640042673217,594.0956401838096,594.5856563733679,1271225
2023-03-20,592.3805541992188,597.7217423643169,588.0193983647284,593.8995923483757,694608
2023-03-21,594.6346435546875,596.6436979602308,590.1265185560815,592.1845626170909,823110
2023-03-22,592.674560546875,597.7217510494135,591.7925075099408,596.9376773203932,504390
2023-03-23,593.0665893554688,594.4875883830545,587.6764115320218,592.6255628429923,932262
2023-03-24,588.0682983398438,596.4475615254507,586.1572236233045,593.0174488914021,886735
2023-03-27,570.4768676757812,587.970482873496,565.1847283128453,586.1083972839015,1429219
2023-03-28,549.0140991210938,572.3388555875766,547.6910196438367,572.3388555875766,2025058
2023-03-29,553.2281494140625,557.3442964128444,545.975887567808,551.7581011870986,2017776
2023-03-31,561.3624267578125,564.0085256354588,556.1682681114211,556.9522819005413,1237105
2023-04-03,558.9124755859375,568.0758145769455,555.2863436788809,565.4787047446996,1707849
2023-04-05,555.3353271484375,563.4205936296523,553.2772234270008,559.6474333818974,1555308
2023-04-06,558.5204467773438,561.3135149811903,555.3353417163418,557.246356899802,1559125
2023-04-10,569.6927490234375,571.3588158528453,558.7654250560713,558.7654250560713,1300834
2023-04-11,573.2208862304688,577.2389945238455,566.507629436561,571.3588010312426,1285557
2023-04-12,572.73095703125,576.7490659344676,567.585786944324,573.2209732300049,1406652
2023-04-13,580.816162109375,582.1391817777549,570.3787942670931,570.3787942670931,1102409
2023-04-17,584.7363891601562,585.667372140784,572.4859834525894,580.8162593337348,974707
2023-04-18,591.4984130859375,592.8214924250738,584.2952004552817,586.0102567784301,1216107
2023-04-19,594.5856323242188,601.592827661626,588.5094198561735,594.7816507553996,1814835
2023-04-20,589.7344970703125,597.7217850619003,587.0394079686203,594.7326383868788,698282
2023-04-21,590.9595336914062,591.7925372998884,582.8252767829864,589.9795012972248,830247
2023-04-24,591.3515625,595.3696713346994,585.3733290872754,590.959525621109,870486
2023-04-25,595.76171875,598.7997952576318,588.0194388781981,591.8905788140991,977657
2023-04-26,596.0557250976562,600.759868713201,592.4785828663477,593.8996418274058,1087979
2023-04-27,593.9976196289062,597.9667987415789,592.9196079047429,596.0557235792609,702044
2023-04-28,605.4639282226562,607.2770238233292,596.2516607169973,597.91766773326,1552366
2023-05-02,614.4313354492188,618.4004547725071,605.8560518053845,607.6200981916869,2483827
2023-05-03,615.1663208007812,620.1644618814926,610.168119903642,613.9412803578199,1461740
2023-05-04,618.9883422851562,622.8594816178773,615.0192236544609,615.1662524178435,1244544
2023-05-05,612.9122314453125,621.0464876662385,611.5401622828514,618.1553803844687,878399
2023-05-08,615.5582275390625,618.008308145119,612.9121883376583,615.4602482413887,659593
2023-05-09,610.1680908203125,620.7524875961418,607.6200307469759,615.5582685124228,935395
2023-05-10,611.834228515625,613.2552874894743,605.6600362261208,610.5601983315102,650253
2023-05-11,614.0883178710938,615.1173998111989,611.834255167712,612.5692795155387,530789
2023-05-12,615.9013671875,624.4766505962228,612.5692331363957,614.0882713769406,1240961
2023-05-15,619.7234497070312,622.9085549324748,612.5202356622153,612.5202356622153,927921
2023-05-16,613.647216796875,623.986545063219,611.8341212459025,619.4293711776199,676721
2023-05-17,610.315185546875,616.4403881316489,605.6600315824468,613.6473196795646,671895
2023-05-18,602.5728759765625,615.2643070725563,600.7598400270327,612.5202284125538,723251
2023-05-19,598.1627807617188,604.6800204680533,592.0375779611915,602.5729267780985,847752
2023-05-22,611.0501098632812,612.4221789443144,594.9775569844146,598.1626618072785,1083528
2023-05-23,611.8831787109375,623.5945773507959,609.5801265965091,615.8523576134625,1199438
2023-05-24,606.5420532226562,614.333262653249,605.6600001696243,611.5401943460283,659056
2023-05-25,606.198974609375,609.0900818929888,603.6999041771217,607.1300172690371,595504
2023-05-26,611.8831787109375,613.2062582839219,606.9340272669685,609.384108161649,1185212
2023-05-29,632.8558959960938,634.0809364451763,613.7452649904045,617.4203863376524,4019467
2023-05-30,630.8958129882812,640.6471466435796,614.7742691824216,624.2805947550061,10121546
2023-05-31,636.531005859375,637.2170404617698,627.2206986143187,630.1607956390733,2740993
2023-06-01,636.531005859375,645.939292412019,634.5219515224114,637.1190013377551,2453298
2023-06-02,632.5619506835938,641.6762404169511,630.6998651200718,640.3532205488502,1537757
2023-06-05,630.7978515625,634.4239234363099,623.3005800923648,623.3005800923648,1619948
2023-06-06,630.1607666015625,633.5418899875151,624.3295624745462,630.9447804754179,882889
2023-06-07,639.8631591796875,644.6652819094354,631.0918574928371,631.1898368034003,2220779
2023-06-08,631.140869140625,644.6653043732093,629.5728412184008,641.9212256011015,1224083
2023-06-09,627.3677368164062,634.0319448760073,626.1426963710227,633.1009021742301,745628
2023-06-12,633.0029907226562,634.0810025035847,625.8487059015393,629.131850536975,864306
2023-06-13,634.6688842773438,637.5110018323743,628.5436824918675,628.5436824918675,956702
2023-06-14,630.6508178710938,636.7760200648689,629.2297589988524,633.9339023203862,785495
2023-06-15,630.1607666015625,636.0409603801152,628.6907181569243,630.6507827497752,765612
2023-06-16,651.7214965820312,657.2587031487348,630.3568038453341,632.120850068286,5271115
2023-06-19,654.5145874023438,661.5218426997344,647.0173757416037,648.7814220255173,4493884
2023-06-20,650.7904663085938,657.5037237573122,647.0173657093808,655.1516222042786,1519178
2023-06-21,649.1243896484375,654.1715800729492,645.8413052705221,650.7904565722082,1006572
2023-06-22,632.0227661132812,653.3874553124579,628.9846305168431,650.2023507813573,1913224
2023-06-23,615.2642822265625,633.1008825209328,613.1081991463329,632.0228708890311,1975633
2023-06-26,619.8214721679688,621.0465126063526,609.237134743618,612.5202191919155,914109
2023-06-27,618.0084228515625,623.7906380816415,616.5874236894398,622.8106056573184,871962
2023-06-28,616.2443237304688,621.8305200344895,614.039250964389,620.3604715237697,1192576
2023-06-30,622.4185180664062,628.6907489977875,617.6653851221444,619.6254498111475,1309614
2023-07-03,620.4584350585938,627.2696716150662,619.3804234380408,623.1045342739085,782176
2023-07-04,616.1464233398438,624.035672727887,614.5293458443637,621.3405834463767,939181
2023-07-05,618.0084228515625,620.3605245965108,614.5783093664318,617.1264295595311,690230
2023-07-06,619.6744384765625,620.7034604733622,615.0682745014673,615.4603113652134,824834
2023-07-07,618.0574951171875,623.7416714245826,614.480352709926,619.6745127870898,1054909
2023-07-10,603.60205078125,619.3805503688172,602.0829525276699,619.1355422397156,1947356
2023-07-11,606.6399536132812,612.0791205555767,602.719824672323,603.9448649663725,1079845
2023-07-12,608.3060913085938,610.0211479202488,602.817874261441,607.4730279216476,957020
2023-07-13,605.4149780273438,614.0882403096632,602.2298729223841,610.5601478122786,966834
2023-07-14,610.4132080078125,611.2462715080845,604.2880049900876,607.522160036595,757598
2023-07-17,613.0592041015625,617.3713702240968,609.5801013385584,609.6290909911365,1006467
2023-07-18,610.4132080078125,615.5093888818467,607.6201393583043,613.5003342553201,763870
2023-07-19,613.01025390625,614.9703186669415,610.3641545160307,610.5601729553856,655382
2023-07-20,612.667236328125,614.4312825625888,609.7761289851954,612.4222282451043,635393
2023-07-21,610.6581420898438,617.8124262002805,608.0121025601518,611.5401951440267,1112376
2023-07-24,607.9140625,614.4802912920846,606.0029874298251,610.7561802778425,875139
2023-07-25,607.0810546875,612.5202222982226,603.3078942282862,609.0901090533525,842704
2023-07-26,607.6200561523438,611.540185546875,606.2479869376868,607.0810503238812,781540
2023-07-27,607.1300659179688,612.4222647532689,604.728974597945,610.4621999722584,904121
2023-07-28,618.0574951171875,619.3315253525018,605.8560790211437,607.6201254866892,1464610
2023-07-31,627.8577270507812,629.8177916824029,618.449380929142,619.8704397503527,2235245
2023-08-01,629.9157104492188,635.942932538778,622.9575056022519,629.1806862830002,2000678
2023-08-02,625.0156860351562,631.3858968689133,618.0084301914504,630.1608563239599,1033405
2023-08-03,647.017333984375,649.3693756056543,622.4184874572447,625.211615391571,4563922
2023-08-04,640.5001220703125,655.5436543375165,638.5890470493184,653.1915528014581,2364709
2023-08-07,640.7451782226562,645.3513425167378,636.1880634022601,644.861326311334,1052162
2023-08-08,629.7687377929688,645.1552570064822,627.857722643692,643.6852085430845,1180459
2023-08-09,635.697998046875,640.2551125149307,627.563681812945,632.9048700021699,1792990
2023-08-10,633.5418701171875,635.9919507814071,622.418468011777,635.9919507814071,2510995
2023-08-11,649.271484375,666.1280541213054,632.5619434196544,634.0809817216981,8325028
2023-08-14,636.6781005859375,650.3985547893257,625.799704577677,650.3985547893257,2976922
2023-08-16,628.543701171875,636.8249861952394,626.3386284635699,636.6780172378743,1177223
2023-08-17,636.1389770507812,639.1771132380187,626.2406742020154,630.5528404861591,1611226
2023-08-18,632.501708984375,645.7730374694263,630.1914787658243,636.5322365978318,1353750
2023-08-21,639.4813842773438,640.9559762472377,629.5524890139114,632.5016729536993,1495106
2023-08-22,640.6611328125,645.3798155796144,636.2864975383175,640.071259965794,1048022
2023-08-23,638.6458740234375,648.4272871287228,637.5644704631592,641.9391057722823,1078844
2023-08-24,648.42724609375,653.2442707362695,640.9560037923968,641.0051448599116,2183330
2023-08-25,647.10009765625,658.6510678764716,639.9729032650494,649.2137034417466,3014348
2023-08-28,666.6138916015625,672.5122598269164,645.0357425115195,647.8374434180408,5261237
2023-08-29,661.1087646484375,674.3800930094098,659.8799379483474,672.4139702892658,2900392
2023-08-30,661.1578979492188,671.2342767715846,659.6341648592679,666.5155942989325,1632153
2023-08-31,660.6172485351562,667.3020539307868,657.4714401132993,665.5325554439,1663214
2023-09-01,676.6902465820312,677.9682743197728,661.1578894747093,664.3036977499231,4146601
2023-09-04,691.3379516601562,696.0074934594961,680.3276516277671,681.802243774927,6419929
2023-09-05,690.0108032226562,699.399027355137,684.2107171087129,695.859970403792,2678643
2023-09-06,696.4989013671875,703.7735786776814,684.2597767035244,690.0107210642154,3235426
2023-09-07,695.2701416015625,701.463416122461,692.5175818146413,695.909155481251,1886439
2023-09-08,713.2601928710938,745.1605475742363,695.3193221676244,697.9735999705907,13572298
2023-09-11,705.248291015625,720.9772738316852,704.0194642331203,720.5840252607607,5096622
2023-09-12,676.5428466796875,710.0652153885068,674.3800996659207,708.7381065398317,4330553
2023-09-13,675.3630981445312,682.9326819871678,669.0223408996831,677.2800796373409,2241575
2023-09-14,684.60400390625,692.3701532030747,679.9344621133835,686.1768781938503,2678027
2023-09-15,683.86669921875,690.9446934250948,682.2446238790334,690.0599741499552,1614958
2023-09-18,677.6732788085938,686.029299805007,676.3461700626244,684.2598014766147,1032981
2023-09-20,667.0562133789062,676.9851682159236,664.1070295661622,676.5919197070384,1353493
2023-09-21,659.9290771484375,671.873296640031,656.6849866696416,666.4173181073329,1346593
2023-09-22,652.1137084960938,663.9596455098498,649.8035383738029,661.6002743200746,1386201
2023-09-25,677.52587890625,680.4750628887195,655.7019054357155,655.7019054357155,4487685
2023-09-26,670.0054931640625,679.7869662110336,668.5309010464681,677.5259369643169,1055108
2023-09-27,670.4478149414062,674.8715908464449,662.6816065742626,670.0054253506422,1155826
2023-09-28,660.7155151367188,676.7394632834796,658.6511102841109,672.1190628976437,1109275
2023-09-29,669.3173217773438,671.7749752464554,662.38675099471,664.6477801860317,846290
